sample_name,ground_truth,clean_label,clean_confidence,noise_type,snr_db,raw_noisy_label,raw_noisy_confidence,raw_correct,denoised_label,denoised_confidence,denoised_correct,confidence_delta,attenuation_db,denoising_applied,estimated_snr_db
Birds,Bird,Bird,1.0,wind,20.0,Bird,1.0,True,Bird,1.0,True,0.0,0.0,False,29.91
Birds,Bird,Bird,1.0,wind,10.0,Bird,1.0,True,Bird,1.0,True,0.0,0.0,False,27.34
Birds,Bird,Bird,1.0,wind,0.0,Bird,1.0,True,Bird,1.0,True,0.0,0.0,False,24.78
Birds,Bird,Bird,1.0,rain,20.0,Bird,1.0,True,Bird,1.0,True,0.0,0.0,False,23.35
Birds,Bird,Bird,1.0,rain,10.0,Bird,1.0,True,Bird,1.0,True,0.0,-0.63,True,16.17
Birds,Bird,Bird,1.0,rain,0.0,Bird,1.0,True,Bird,1.0,True,0.0,-2.01,True,9.94
Birds,Bird,Bird,1.0,vehicle,20.0,Bird,1.0,True,Bird,1.0,True,0.0,0.0,False,22.19
Birds,Bird,Bird,1.0,vehicle,10.0,Bird,1.0,True,Bird,1.0,True,0.0,-0.61,True,12.69
Birds,Bird,Bird,1.0,vehicle,0.0,Bird,1.0,True,Bird,1.0,True,0.0,-2.83,True,4.94
Birds,Bird,Bird,1.0,machinery,20.0,Bird,1.0,True,Bird,1.0,True,0.0,0.0,False,22.34
Birds,Bird,Bird,1.0,machinery,10.0,Unknown,0.5242,False,Bird,1.0,True,0.4758,-0.56,True,12.03
Birds,Bird,Bird,1.0,machinery,0.0,EmergencyVehicle,0.8254,False,Bird,1.0,True,0.1746,-2.97,True,3.96
Chainsaw,Drill,Drill,0.9999,wind,20.0,Drill,0.8272,True,Drill,0.8272,True,0.0,0.0,False,20.97
Chainsaw,Drill,Drill,0.9999,wind,10.0,Drill,0.9997,True,Drill,0.9997,True,0.0,0.0,False,20.77
Chainsaw,Drill,Drill,0.9999,wind,0.0,Drill,0.6514,True,Drill,0.6514,True,0.0,0.0,False,20.81
Chainsaw,Drill,Drill,0.9999,rain,20.0,Drill,0.9999,True,Drill,0.971,True,-0.0289,-0.8,True,17.73
Chainsaw,Drill,Drill,0.9999,rain,10.0,Drill,1.0,True,Drill,1.0,True,-0.0,-1.53,True,12.51
Chainsaw,Drill,Drill,0.9999,rain,0.0,Vehicle,0.9998,False,Vehicle,0.9557,False,-0.0442,-2.87,True,8.58
Chainsaw,Drill,Drill,0.9999,vehicle,20.0,Drill,0.9689,True,Vehicle,0.7732,False,-0.1956,-0.7,True,18.09
Chainsaw,Drill,Drill,0.9999,vehicle,10.0,Vehicle,0.9694,False,Drill,0.692,True,-0.2774,-1.38,True,11.21
Chainsaw,Drill,Drill,0.9999,vehicle,0.0,Vehicle,1.0,False,Vehicle,1.0,False,-0.0,-3.81,True,4.53
Chainsaw,Drill,Drill,0.9999,machinery,20.0,Drill,1.0,True,Drill,0.9902,True,-0.0098,-0.64,True,18.61
Chainsaw,Drill,Drill,0.9999,machinery,10.0,Vehicle,1.0,False,Drill,0.7586,True,-0.2414,-1.22,True,11.24
Chainsaw,Drill,Drill,0.9999,machinery,0.0,Vehicle,1.0,False,Vehicle,1.0,False,0.0,-3.94,True,3.86
Firework,Footsteps,Footsteps,0.6686,wind,20.0,Unknown,0.3544,False,Unknown,0.3544,False,0.0,0.0,False,41.8
Firework,Footsteps,Footsteps,0.6686,wind,10.0,Water,0.9999,False,Water,0.9999,False,0.0,0.0,False,29.46
Firework,Footsteps,Footsteps,0.6686,wind,0.0,Water,0.9611,False,Water,0.9611,False,0.0,0.0,False,27.76
Firework,Footsteps,Footsteps,0.6686,rain,20.0,Water,0.9999,False,Water,0.9999,False,0.0,0.0,False,25.79
Firework,Footsteps,Footsteps,0.6686,rain,10.0,Water,1.0,False,Water,1.0,False,-0.0,-0.48,True,17.1
Firework,Footsteps,Footsteps,0.6686,rain,0.0,Water,1.0,False,Water,1.0,False,0.0,-1.8,True,10.33
Firework,Footsteps,Footsteps,0.6686,vehicle,20.0,Water,0.9473,False,Water,0.9473,False,0.0,0.0,False,21.7
Firework,Footsteps,Footsteps,0.6686,vehicle,10.0,Water,0.7624,False,Water,1.0,False,0.2376,-0.54,True,12.17
Firework,Footsteps,Footsteps,0.6686,vehicle,0.0,Vehicle,1.0,False,Water,0.9992,False,-0.0008,-2.7,True,4.8
Firework,Footsteps,Footsteps,0.6686,machinery,20.0,EmergencyVehicle,0.8333,False,EmergencyVehicle,0.8333,False,0.0,0.0,False,20.88
Firework,Footsteps,Footsteps,0.6686,machinery,10.0,Vehicle,0.9408,False,Unknown,0.5692,False,-0.3716,-0.6,True,11.24
Firework,Footsteps,Footsteps,0.6686,machinery,0.0,Vehicle,0.9982,False,Vehicle,1.0,False,0.0018,-3.09,True,3.83
Humanroar,Human,Human,1.0,wind,20.0,Human,1.0,True,Human,1.0,True,0.0,0.0,False,42.17
Humanroar,Human,Human,1.0,wind,10.0,Human,1.0,True,Human,1.0,True,0.0,0.0,False,29.55
Humanroar,Human,Human,1.0,wind,0.0,Human,1.0,True,Human,1.0,True,0.0,0.0,False,28.07
Humanroar,Human,Human,1.0,rain,20.0,Human,0.9985,True,Human,0.9985,True,0.0,0.0,False,26.99
Humanroar,Human,Human,1.0,rain,10.0,Bird,0.9639,False,Bird,0.9212,False,-0.0427,-0.41,True,17.57
Humanroar,Human,Human,1.0,rain,0.0,Human,0.9288,True,Bird,0.8335,False,-0.0952,-1.74,True,10.43
Humanroar,Human,Human,1.0,vehicle,20.0,Human,1.0,True,Human,1.0,True,0.0,0.0,False,21.78
Humanroar,Human,Human,1.0,vehicle,10.0,Human,0.9748,True,Human,0.9992,True,0.0243,-0.46,True,12.19
Humanroar,Human,Human,1.0,vehicle,0.0,Human,0.9867,True,Bird,0.8951,False,-0.0916,-2.59,True,4.78
Humanroar,Human,Human,1.0,machinery,20.0,Human,0.9999,True,Human,0.9999,True,0.0,0.0,False,20.83
Humanroar,Human,Human,1.0,machinery,10.0,EmergencyVehicle,0.6194,False,Human,0.9998,True,0.3804,-0.47,True,11.19
Humanroar,Human,Human,1.0,machinery,0.0,EmergencyVehicle,0.9999,False,Human,0.984,True,-0.0159,-2.82,True,3.78
Humanwalking,Footsteps,Footsteps,0.8225,wind,20.0,Unknown,0.5094,False,Footsteps,0.674,True,0.1646,-0.52,True,19.47
Humanwalking,Footsteps,Footsteps,0.8225,wind,10.0,Footsteps,0.7797,True,Footsteps,0.7797,True,0.0,0.0,False,28.07
Humanwalking,Footsteps,Footsteps,0.8225,wind,0.0,Footsteps,1.0,True,Footsteps,1.0,True,0.0,-1.68,True,11.97
Humanwalking,Footsteps,Footsteps,0.8225,rain,20.0,Footsteps,1.0,True,Footsteps,1.0,True,0.0,0.0,False,24.35
Humanwalking,Footsteps,Footsteps,0.8225,rain,10.0,Water,0.9923,False,Footsteps,0.892,True,-0.1003,-0.53,True,17.06
Humanwalking,Footsteps,Footsteps,0.8225,rain,0.0,Water,1.0,False,Water,1.0,False,-0.0,-1.78,True,10.41
Humanwalking,Footsteps,Footsteps,0.8225,vehicle,20.0,Footsteps,0.9987,True,Footsteps,0.9987,True,0.0,0.0,False,21.39
Humanwalking,Footsteps,Footsteps,0.8225,vehicle,10.0,Wildlife,0.896,False,Water,0.8851,False,-0.0109,-0.82,True,13.29
Humanwalking,Footsteps,Footsteps,0.8225,vehicle,0.0,Vehicle,0.8741,False,Water,0.9998,False,0.1257,-2.89,True,5.68
Humanwalking,Footsteps,Footsteps,0.8225,machinery,20.0,EmergencyVehicle,0.9984,False,EmergencyVehicle,0.9984,False,0.0,0.0,False,21.26
Humanwalking,Footsteps,Footsteps,0.8225,machinery,10.0,EmergencyVehicle,1.0,False,EmergencyVehicle,0.9869,False,-0.0131,-0.76,True,12.58
Humanwalking,Footsteps,Footsteps,0.8225,machinery,0.0,EmergencyVehicle,1.0,False,EmergencyVehicle,0.9967,False,-0.0033,-3.06,True,4.48
Humanwhistle,EmergencyVehicle,EmergencyVehicle,0.7955,wind,20.0,EmergencyVehicle,0.9956,True,EmergencyVehicle,0.9956,True,0.0,0.0,False,41.32
Humanwhistle,EmergencyVehicle,EmergencyVehicle,0.7955,wind,10.0,EmergencyVehicle,0.6797,True,EmergencyVehicle,0.6797,True,0.0,0.0,False,28.77
Humanwhistle,EmergencyVehicle,EmergencyVehicle,0.7955,wind,0.0,EmergencyVehicle,0.9979,True,EmergencyVehicle,0.9979,True,0.0,0.0,False,27.32
Humanwhistle,EmergencyVehicle,EmergencyVehicle,0.7955,rain,20.0,EmergencyVehicle,0.9667,True,EmergencyVehicle,0.9667,True,0.0,0.0,False,27.35
Humanwhistle,EmergencyVehicle,EmergencyVehicle,0.7955,rain,10.0,Bird,0.9897,False,Bird,0.9993,False,0.0097,-0.29,True,18.04
Humanwhistle,EmergencyVehicle,EmergencyVehicle,0.7955,rain,0.0,Bird,0.9991,False,Bird,0.9995,False,0.0004,-1.5,True,10.72
Humanwhistle,EmergencyVehicle,EmergencyVehicle,0.7955,vehicle,20.0,Bird,0.9908,False,Bird,0.9908,False,0.0,0.0,False,21.78
Humanwhistle,EmergencyVehicle,EmergencyVehicle,0.7955,vehicle,10.0,Bird,0.9904,False,Bird,1.0,False,0.0096,-0.39,True,12.2
Humanwhistle,EmergencyVehicle,EmergencyVehicle,0.7955,vehicle,0.0,Bird,0.9393,False,Bird,0.9995,False,0.0602,-2.4,True,4.8
Humanwhistle,EmergencyVehicle,EmergencyVehicle,0.7955,machinery,20.0,EmergencyVehicle,1.0,True,EmergencyVehicle,1.0,True,0.0,0.0,False,20.84
Humanwhistle,EmergencyVehicle,EmergencyVehicle,0.7955,machinery,10.0,EmergencyVehicle,1.0,True,EmergencyVehicle,0.9908,True,-0.0092,-0.4,True,11.16
Humanwhistle,EmergencyVehicle,EmergencyVehicle,0.7955,machinery,0.0,EmergencyVehicle,1.0,True,EmergencyVehicle,0.9829,True,-0.0171,-2.65,True,3.77
Keyboard,Wildlife,Wildlife,0.9214,wind,20.0,Wildlife,0.9997,True,Wildlife,0.9997,True,0.0,-0.72,True,14.71
Keyboard,Wildlife,Wildlife,0.9214,wind,10.0,Wildlife,0.9577,True,Wildlife,0.9871,True,0.0294,-0.74,True,14.87
Keyboard,Wildlife,Wildlife,0.9214,wind,0.0,Wildlife,1.0,True,Wildlife,1.0,True,0.0,-0.62,True,16.19
Keyboard,Wildlife,Wildlife,0.9214,rain,20.0,Wildlife,1.0,True,Wildlife,1.0,True,0.0,-0.85,True,14.34
Keyboard,Wildlife,Wildlife,0.9214,rain,10.0,Wildlife,0.9895,True,Wildlife,0.9895,True,0.0001,-1.23,True,12.6
Keyboard,Wildlife,Wildlife,0.9214,rain,0.0,Water,1.0,False,Water,1.0,False,-0.0,-2.34,True,9.34
Keyboard,Wildlife,Wildlife,0.9214,vehicle,20.0,Wildlife,1.0,True,Wildlife,1.0,True,0.0,-0.83,True,13.9
Keyboard,Wildlife,Wildlife,0.9214,vehicle,10.0,Unknown,0.366,False,Wildlife,1.0,True,0.634,-1.27,True,11.5
Keyboard,Wildlife,Wildlife,0.9214,vehicle,0.0,Water,0.9911,False,Water,0.9998,False,0.0087,-3.27,True,5.91
Keyboard,Wildlife,Wildlife,0.9214,machinery,20.0,Wildlife,0.9998,True,Wildlife,1.0,True,0.0002,-0.75,True,14.71
Keyboard,Wildlife,Wildlife,0.9214,machinery,10.0,EmergencyVehicle,0.9552,False,Wildlife,1.0,True,0.0448,-1.16,True,11.66
Keyboard,Wildlife,Wildlife,0.9214,machinery,0.0,EmergencyVehicle,0.9999,False,EmergencyVehicle,0.9989,False,-0.001,-3.37,True,5.2
Som,Bird,Bird,0.9266,wind,20.0,Fire,1.0,False,Fire,1.0,False,0.0,0.0,False,22.08
Som,Bird,Bird,0.9266,wind,10.0,Fire,0.9715,False,Unknown,0.5201,False,-0.4514,-7.62,True,19.19
Som,Bird,Bird,0.9266,wind,0.0,Water,1.0,False,Water,1.0,False,0.0,0.0,False,25.06
Som,Bird,Bird,0.9266,rain,20.0,Water,1.0,False,Water,1.0,False,0.0,-18.1,True,7.78
Som,Bird,Bird,0.9266,rain,10.0,Water,1.0,False,Water,1.0,False,0.0,-17.59,True,7.73
Som,Bird,Bird,0.9266,rain,0.0,Water,1.0,False,Water,1.0,False,0.0,-18.32,True,7.77
Som,Bird,Bird,0.9266,vehicle,20.0,Vehicle,1.0,False,Vehicle,1.0,False,-0.0,-13.19,True,1.78
Som,Bird,Bird,0.9266,vehicle,10.0,Vehicle,1.0,False,Water,0.9165,False,-0.0835,-13.08,True,1.83
Som,Bird,Bird,0.9266,vehicle,0.0,Vehicle,1.0,False,Water,0.9767,False,-0.0233,-12.54,True,1.81
Som,Bird,Bird,0.9266,machinery,20.0,EmergencyVehicle,0.9876,False,Vehicle,1.0,False,0.0124,-13.33,True,0.75
Som,Bird,Bird,0.9266,machinery,10.0,EmergencyVehicle,0.9991,False,Vehicle,0.9997,False,0.0006,-13.52,True,0.75
Som,Bird,Bird,0.9266,machinery,0.0,EmergencyVehicle,0.9998,False,Vehicle,1.0,False,0.0002,-13.19,True,0.76
Water,Water,Water,1.0,wind,20.0,Water,1.0,True,Water,1.0,True,0.0,0.0,False,41.54
Water,Water,Water,1.0,wind,10.0,Water,1.0,True,Water,1.0,True,0.0,0.0,False,29.42
Water,Water,Water,1.0,wind,0.0,Water,1.0,True,Water,1.0,True,0.0,0.0,False,27.53
Water,Water,Water,1.0,rain,20.0,Water,1.0,True,Water,1.0,True,0.0,0.0,False,24.38
Water,Water,Water,1.0,rain,10.0,Water,0.8973,True,Vehicle,0.7545,False,-0.1428,-0.78,True,15.8
Water,Water,Water,1.0,rain,0.0,Water,0.9663,True,Bird,0.6194,False,-0.3469,-2.23,True,9.7
Water,Water,Water,1.0,vehicle,20.0,Water,1.0,True,Water,1.0,True,0.0,0.0,False,21.49
Water,Water,Water,1.0,vehicle,10.0,Water,0.9759,True,Water,0.9984,True,0.0225,-0.71,True,11.92
Water,Water,Water,1.0,vehicle,0.0,Unknown,0.4904,False,Water,0.9988,True,0.5083,-3.06,True,4.64
Water,Water,Water,1.0,machinery,20.0,Water,1.0,True,Water,1.0,True,0.0,0.0,False,21.0
Water,Water,Water,1.0,machinery,10.0,EmergencyVehicle,0.9637,False,Water,0.9317,True,-0.032,-0.63,True,11.2
Water,Water,Water,1.0,machinery,0.0,EmergencyVehicle,0.9994,False,Water,0.9957,True,-0.0036,-3.15,True,3.74
